{
  "motionsense": {
    "zero_shot_open_set": {
      "accuracy": 13.965231788079471,
      "f1_macro": 6.417452330850323,
      "f1_weighted": 16.288871414959996,
      "n_samples": 12080,
      "n_classes_train": 87,
      "n_classes_test": 6
    },
    "zero_shot_closed_set": {
      "accuracy": 37.127483443708606,
      "f1_macro": 30.652179317715728,
      "f1_weighted": 26.682929515756026,
      "n_samples": 12080,
      "n_classes": 6
    },
    "1pct_supervised": {
      "accuracy": 41.88741721854304,
      "f1_macro": 38.10734991294798,
      "f1_weighted": 34.100156707626574,
      "n_samples": 1208,
      "n_train_samples": 96,
      "n_classes": 6
    },
    "10pct_supervised": {
      "accuracy": 75.0,
      "f1_macro": 75.21996761721856,
      "f1_weighted": 75.0541685356511,
      "n_samples": 1208,
      "n_train_samples": 966,
      "n_classes": 6
    }
  },
  "realworld": {
    "zero_shot_open_set": {
      "accuracy": 17.304149163534525,
      "f1_macro": 11.354269021101073,
      "f1_weighted": 20.754658355062947,
      "n_samples": 27138,
      "n_classes_train": 87,
      "n_classes_test": 8
    },
    "zero_shot_closed_set": {
      "accuracy": 30.039059621195374,
      "f1_macro": 19.090447830746722,
      "f1_weighted": 17.59089164191597,
      "n_samples": 27138,
      "n_classes": 8
    },
    "1pct_supervised": {
      "accuracy": 50.607734806629836,
      "f1_macro": 45.89730747271877,
      "f1_weighted": 42.5566273695384,
      "n_samples": 2715,
      "n_train_samples": 216,
      "n_classes": 8
    },
    "10pct_supervised": {
      "accuracy": 56.61141804788213,
      "f1_macro": 55.7183972118538,
      "f1_weighted": 51.3333112902223,
      "n_samples": 2715,
      "n_train_samples": 2168,
      "n_classes": 8
    }
  },
  "mobiact": {
    "zero_shot_open_set": {
      "accuracy": 11.39240506329114,
      "f1_macro": 4.396065199920214,
      "f1_weighted": 16.228730398977078,
      "n_samples": 4345,
      "n_classes_train": 87,
      "n_classes_test": 13
    },
    "zero_shot_closed_set": {
      "accuracy": 17.491369390103568,
      "f1_macro": 11.606883693559851,
      "f1_weighted": 19.966926325730945,
      "n_samples": 4345,
      "n_classes": 13
    },
    "1pct_supervised": {
      "accuracy": 33.5632183908046,
      "f1_macro": 14.633848031441984,
      "f1_weighted": 32.659314703414864,
      "n_samples": 435,
      "n_train_samples": 26,
      "n_classes": 13
    },
    "10pct_supervised": {
      "accuracy": 38.160919540229884,
      "f1_macro": 25.931576495144405,
      "f1_weighted": 39.99109502788162,
      "n_samples": 435,
      "n_train_samples": 338,
      "n_classes": 13
    }
  },
  "vtt_coniot": {
    "zero_shot_open_set": {
      "accuracy": 8.26044703595724,
      "f1_macro": 2.0990673671127125,
      "f1_weighted": 3.527058539711999,
      "n_samples": 2058,
      "n_classes_train": 87,
      "n_classes_test": 16
    },
    "zero_shot_closed_set": {
      "accuracy": 6.899902818270165,
      "f1_macro": 3.17987120667048,
      "f1_weighted": 3.0902599012591945,
      "n_samples": 2058,
      "n_classes": 16
    },
    "1pct_supervised": {
      "accuracy": 5.314009661835748,
      "f1_macro": 2.702264187771434,
      "f1_weighted": 2.6882279350248264,
      "n_samples": 207,
      "n_train_samples": 16,
      "n_classes": 16
    },
    "10pct_supervised": {
      "accuracy": 16.908212560386474,
      "f1_macro": 10.787266888479149,
      "f1_weighted": 12.539558622025956,
      "n_samples": 207,
      "n_train_samples": 160,
      "n_classes": 16
    }
  }
}